{
  "project_info": {
    "project_number": "554475360984",
    "project_id": "assetwatch-v1-f95c0",
    "storage_bucket": "assetwatch-v1-f95c0.appspot.com"
  },
  "client": [
    {
      "client_info": {
        "mobilesdk_app_id": "1:554475360984:android:3b4e59327956b9b657bdad",
        "android_client_info": {
          "package_name": "com.example.assetwatch_v1"
        }
      },
      "oauth_client": [
        {
          "client_id": "554475360984-ageimster5q9kg9be5catora3fnbpnn7.apps.googleusercontent.com",
          "client_type": 3
        }
      ],
      "api_key": [
        {
          "current_key": "AIzaSyAllCwYIfQYKw1iXA2OaCLsjQASsYz6fr8"
        }
      ],
      "services": {
        "appinvite_service": {
          "other_platform_oauth_client": [
            {
              "client_id": "554475360984-ageimster5q9kg9be5catora3fnbpnn7.apps.googleusercontent.com",
              "client_type": 3
            }
          ]
        }
      }
    }
  ],
  "configuration_version": "1"
}